[
  {
    "dateUpdate": "2022-07-19",
    "destination": {
      "city": "",
      "state": "",
      "type": "País"
    },
    "location": {
      "city": "",
      "state": "",
      "type": "País"
    },
    "status": "Objeto postado",
    "timeUpdate": "01:34"
  },
  {
    "dateUpdate": "2022-07-26",
    "destination": {
      "city": "CURITIBA",
      "state": "PR",
      "type": "Unidade de Logística Integrada"
    },
    "location": {
      "city": "CURITIBA",
      "state": "PR",
      "type": "Unidade de Logística Integrada"
    },
    "status": "Objeto recebido pelos Correios do Brasil",
    "timeUpdate": "08:56"
  },
  {
    "dateUpdate": "2022-07-28",
    "destination": {
      "city": "CURITIBA",
      "state": "PR",
      "type": "Unidade Operacional"
    },
    "location": {
      "city": "CURITIBA",
      "state": "PR",
      "type": "Unidade Operacional"
    },
    "status": "Fiscalização aduaneira finalizada",
    "timeUpdate": "05:54"
  },
  {
    "dateUpdate": "2022-07-28",
    "destination": {
      "city": "LONDRINA",
      "state": "PR",
      "type": "Unidade de Tratamento"
    },
    "location": {
      "city": "CURITIBA",
      "state": "PR",
      "type": "Unidade de Logística Integrada"
    },
    "status": "Objeto em trânsito - por favor aguarde",
    "timeUpdate": "05:59"
  },
  {
    "dateUpdate": "2022-07-29",
    "destination": {
      "city": "Jardim Alegre",
      "state": "PR",
      "type": "Agência dos Correios"
    },
    "location": {
      "city": "LONDRINA",
      "state": "PR",
      "type": "Unidade de Tratamento"
    },
    "status": "Objeto em trânsito - por favor aguarde",
    "timeUpdate": "22:42"
  },
  {
    "dateUpdate": "2022-08-01",
    "destination": {
      "city": "Jardim Alegre",
      "state": "PR",
      "type": "Agência dos Correios"
    },
    "location": {
      "city": "Jardim Alegre",
      "state": "PR",
      "type": "Agência dos Correios"
    },
    "status": "Objeto saiu para entrega ao destinatário",
    "timeUpdate": "11:15"
  },
  {
    "dateUpdate": "2022-08-01",
    "destination": {
      "city": "Jardim Alegre",
      "state": "PR",
      "type": "Agência dos Correios"
    },
    "location": {
      "city": "Jardim Alegre",
      "state": "PR",
      "type": "Agência dos Correios"
    },
    "status": "Objeto entregue ao destinatário",
    "timeUpdate": "15:45"
  }
]
